{
  "Name": "Soil",
  "CropName": "Wheat",
  "Physical": {
    "Thickness": [
      200.0,
      200.0,
      200.0,
      200.0,
      200.0,
      500.0,
      500.0
    ],
    "BD": [
      1.6200000047683716,
      1.6699999570846558,
      1.7100000381469727,
      1.7000000476837158,
      1.690000057220459,
      1.7300000190734863,
      1.7200000286102295
    ],
    "AirDry": [
      0.15900059868884345,
      0.16431332401139837,
      0.1643446911315358,
      0.16436971017608776,
      0.1617070822571588,
      0.15883098438214951,
      0.15049062345079955
    ],
    "LL15": [
      0.3180011973776869,
      0.32862664802279673,
      0.3286893822630716,
      0.3287394203521755,
      0.3234141645143176,
      0.31766196876429903,
      0.3009812469015991
    ],
    "DUL": [
      0.38367924348363336,
      0.36481133694918644,
      0.3497169667369914,
      0.3534905480438808,
      0.3572641293507701,
      0.34216980412321263,
      0.34594338543010206
    ],
    "SAT": [
      0.38867924348363336,
      0.36981133694918644,
      0.3547169667369914,
      0.3584905480438808,
      0.3622641293507701,
      0.34716980412321263,
      0.35094338543010206
    ],
    "KS": [
      21.542738426668613,
      19.564675249985033,
      18.886431958132327,
      18.356453392626797,
      17.580898635002796,
      19.581333560692958,
      21.585808069708314
    ],
    "ParticleSizeClay": [
      54.0,
      56.0,
      56.0,
      56.0,
      55.0,
      54.0,
      51.0
    ],
    "ParticleSizeSilt": [
      26.0,
      26.0,
      26.0,
      26.0,
      26.0,
      28.0,
      30.0
    ],
    "ParticleSizeSand": [
      20.0,
      18.0,
      18.0,
      18.0,
      19.0,
      18.0,
      19.0
    ],
    "Crop": {
      "Wheat": {
        "LL": [
          0.3180011973776869,
          0.32862664802279673,
          0.3286893822630716,
          0.3287394203521755,
          0.3234141645143176,
          0.31766196876429903,
          0.3009812469015991
        ],
        "KL": [
          0.06,
          0.05,
          0.04,
          0.03,
          0.025,
          0.015,
          0.01
        ],
        "XF": [
          1.0,
          1.0,
          1.0,
          1.0,
          1.0,
          1.0,
          1.0
        ]
      }
    }
  },
  "Organic": {
    "Carbon": [
      0.9199999570846558,
      0.6739999651908875,
      0.5900000333786011,
      0.5230000019073486,
      0.45100003480911255,
      0.3619999885559082,
      0.29600000381469727
    ],
    "SoilCNRatio": [
      11.0,
      10.0,
      10.0,
      9.0,
      9.0,
      7.0,
      7.0
    ],
    "FOM": [
      350.0,
      270.0,
      165.0,
      100.0,
      60.0,
      37.0,
      22.0
    ],
    "FOMCN": [
      40.0,
      40.0,
      40.0,
      40.0,
      40.0,
      40.0,
      40.0
    ],
    "FBiom": [
      0.04,
      0.02,
      0.02,
      0.02,
      0.01,
      0.01,
      0.01
    ],
    "FInert": [
      0.4,
      0.6,
      0.8,
      1.0,
      1.0,
      1.0,
      1.0
    ]
  },
  "Chemical": {
    "PH": [
      7.5,
      7.699999809265137,
      7.800000190734863,
      7.900000095367432,
      7.900000095367432,
      8.0,
      8.0
    ],
    "NO3N": [
      5.0,
      3.0,
      2.0,
      1.5,
      1.0,
      0.8,
      0.5
    ],
    "NH4N": [
      1.0,
      0.8,
      0.6,
      0.5,
      0.4,
      0.3,
      0.2
    ]
  }
}